lat,lon,prob201010,prob201011,prob201012,prob201101,prob201102,prob201103,prob201104,prob201105,prob201106,prob201107,prob201108
1.5375,100.5737,0,0,0,0,0,0,1,0,0,0,0
1.529167,100.5733,0,0,0,0,0,1,0,0,0,0,0
1.520833,100.5729,0,0,0,0,0,0,1,0,0,0,0
1.5125,100.5725,0,0,0,0,0,0,0,1,0,0,0
1.5375,100.582,0,0,0,0,0,0,1,0,0,0,0
1.529167,100.5816,0,0,0,0,0,0,1,0,0,0,0
1.520833,100.5813,0,0,0,0,0,0,1,0,0,0,0
1.5125,100.5809,0,0,0,0,0,0,0,1,0,0,0
1.5375,100.5904,0,0,0,0,0,1,0,0,0,0,0
1.529167,100.59,0,0,0,0,0,0,1,0,0,0,0
1.520833,100.5896,0,0,0,0,0,0,1,0,0,0,0
1.5125,100.5892,0,0,0,0,0,0,0,0,1,0,0
1.5375,100.5987,0,0,0,0,0,1,0,0,0,0,0
1.529167,100.5983,0,0,0,0,0,0,1,0,0,0,0
1.404167,100.5927,0,0,0,1,0,0,0,0,0,0,0
1.5375,100.6071,0,0,0,0,0,0,1,0,0,0,0
1.395833,100.6007,0,0,0,0,0,0,0,0,1,0,0
1.3875,100.6087,0,0,0,0,0,1,0,0,0,0,0
.8625,100.5906,0,0,0,0,1,0,0,0,0,0,0
.5958334,100.5846,0,0,0,0,0,0,0,0,0,1,0
1.4125,100.6181,0,0,0,0,0,0,0,0,1,0,0
.8625,100.5989,0,0,0,0,0,1,0,0,0,0,0
.8375,100.5982,0,0,0,0,1,0,0,0,0,0,0
.5958334,100.5929,0,0,0,0,0,0,0,0,0,0,1
1.4125,100.6264,0,0,0,0,1,0,0,0,0,0,0
1.379167,100.625,0,0,0,0,0,0,1,0,0,0,0
.5958334,100.6013,0,0,0,0,0,0,0,0,1,0,0
1.3875,100.6337,0,0,0,0,0,0,0,0,1,0,0
1.379167,100.6333,0,0,1,0,0,0,0,0,0,0,0
1.1375,100.624,0,0,0,0,0,1,0,0,0,0,0
.7375,100.6125,0,0,0,0,0,0,0,0,1,0,0
.7041667,100.6118,0,1,0,0,0,0,0,0,0,0,0
.6958333,100.6116,0,0,0,0,0,0,0,1,0,0,0
.6875,100.6114,0,0,0,0,0,0,0,0,0,0,1
.5958334,100.6096,0,0,0,0,0,0,0,0,0,0,1
1.3875,100.642,0,0,0,0,0,0,0,0,1,0,0
1.3375,100.6399,0,0,0,0,0,1,0,0,0,0,0
1.329167,100.6396,0,0,0,0,0,0,0,0,1,0,0
.6958333,100.6199,0,0,0,0,0,0,0,1,0,0,0
.6875,100.6197,0,0,0,0,0,0,0,0,1,0,0
1.379167,100.65,0,0,0,0,1,0,0,0,0,0,0
1.370833,100.6496,0,0,0,0,0,0,1,0,0,0,0
1.3375,100.6483,0,0,0,0,1,0,0,0,0,0,0
1.329167,100.6479,0,0,0,0,0,0,0,0,0,1,0
1.320833,100.6476,0,0,0,1,0,0,0,0,0,0,0
1.1875,100.6424,0,0,0,0,0,0,1,0,0,0,0
.7291667,100.629,0,0,0,0,0,0,0,0,0,0,1
.6958333,100.6283,0,0,0,0,0,0,0,0,1,0,0
.6875,100.6281,0,0,0,0,0,0,0,1,0,0,0
.6791667,100.6279,0,0,0,0,0,0,0,0,0,1,0
1.354167,100.6573,0,0,0,0,0,0,1,0,0,0,0
1.345833,100.6569,0,1,0,0,0,0,0,0,0,0,0
1.3375,100.6566,0,0,0,0,0,1,0,0,0,0,0
1.329167,100.6563,0,0,0,0,0,0,0,1,0,0,0
1.204167,100.6514,0,0,0,0,0,0,0,0,0,1,0
1.195833,100.6511,0,0,0,0,0,0,0,0,1,0,0
.7458333,100.6377,0,0,0,0,0,0,0,0,0,1,0
.7291667,100.6373,0,0,0,0,0,0,0,0,0,0,1
.6875,100.6364,0,0,0,0,0,0,0,0,1,0,0
1.3625,100.666,0,0,0,0,0,0,0,0,1,0,0
1.354167,100.6656,0,0,1,0,0,0,0,0,0,0,0
1.345833,100.6653,0,1,0,0,0,0,0,0,0,0,0
1.3375,100.6649,0,1,0,0,0,0,0,0,0,0,0
1.329167,100.6646,0,0,0,0,0,0,1,0,0,0,0
.7208334,100.6455,0,0,0,0,0,0,0,0,1,0,0
.6958333,100.6449,0,0,0,0,0,0,0,0,0,0,1
1.395833,100.6757,0,0,0,0,0,0,1,0,0,0,0
1.354167,100.674,0,0,0,0,0,1,0,0,0,0,0
1.345833,100.6736,0,1,0,0,0,0,0,0,0,0,0
1.3375,100.6733,0,0,1,0,0,0,0,0,0,0,0
.7208334,100.6538,0,0,0,0,1,0,0,0,0,0,0
.7125,100.6536,0,0,0,0,0,0,0,0,0,0,1
.7041667,100.6534,0,0,0,0,0,0,0,0,1,0,0
1.354167,100.6823,0,0,0,0,0,1,0,0,0,0,0
1.345833,100.6819,0,0,1,0,0,0,0,0,0,0,0
1.3375,100.6816,0,0,0,0,0,1,0,0,0,0,0
.3291667,100.6558,0,0,0,0,0,0,0,0,1,0,0
1.345833,100.6903,0,0,1,0,0,0,0,0,0,0,0
.3708333,100.6646,0,0,1,0,0,0,0,0,0,0,0
.2708333,100.6636,0,0,0,0,1,0,0,0,0,0,0
1.3875,100.7004,0,0,0,0,0,0,0,1,0,0,0
1.2625,100.6953,0,0,0,0,0,0,1,0,0,0,0
.6875,100.6781,0,0,1,0,0,0,0,0,0,0,0
.7125,100.7036,0,0,1,0,0,0,0,0,0,0,0
.6041667,100.7014,0,1,0,0,0,0,0,0,0,0,0
.7375,100.7125,0,0,0,0,1,0,0,0,0,0,0
.7291667,100.7123,0,0,0,1,0,0,0,0,0,0,0
.6541666,100.7107,0,0,0,0,0,0,0,0,1,0,0
.5958334,100.7096,0,0,0,0,0,0,0,0,1,0,0
1.3125,100.7556,0,0,0,0,0,0,0,0,1,0,0
1.2875,100.7546,0,0,0,0,0,0,0,0,0,1,0
1.2875,100.7796,0,0,0,0,1,0,0,0,0,0,0
1.279167,100.7793,0,0,0,0,0,0,0,0,0,0,1
1.245833,100.778,0,0,0,0,0,0,0,0,1,0,0
1.4375,100.7942,0,0,0,0,0,0,0,1,0,0,0
1.329167,100.7896,0,0,0,0,0,0,1,0,0,0,0
1.304167,100.7886,0,0,0,0,0,1,0,0,0,0,0
1.295833,100.7883,0,0,0,1,0,0,0,0,0,0,0
1.2875,100.7879,0,1,0,0,0,0,0,0,0,0,0
1.279167,100.7876,0,0,0,0,0,0,1,0,0,0,0
1.2375,100.786,0,0,0,0,1,0,0,0,0,0,0
1.4375,100.8026,0,0,0,0,0,0,0,0,1,0,0
1.3625,100.7993,0,0,0,0,0,0,0,0,1,0,0
1.354167,100.799,0,0,0,0,0,0,0,0,0,1,0
1.3375,100.7983,0,1,0,0,0,0,0,0,0,0,0
1.304167,100.7969,0,0,0,0,0,0,1,0,0,0,0
1.295833,100.7966,0,0,0,1,0,0,0,0,0,0,0
1.2875,100.7963,0,0,0,0,0,1,0,0,0,0,0
1.279167,100.796,0,0,0,0,0,0,0,0,1,0,0
1.2375,100.7943,0,0,0,0,1,0,0,0,0,0,0
1.370833,100.808,0,0,0,0,0,0,0,0,0,1,0
1.3625,100.8077,0,0,0,0,0,0,0,1,0,0,0
1.354167,100.8073,0,0,0,0,0,0,0,0,1,0,0
1.295833,100.8049,0,0,0,0,1,0,0,0,0,0,0
1.2875,100.8046,0,0,0,0,0,0,1,0,0,0,0
1.279167,100.8043,0,0,0,0,0,0,0,0,1,0,0
1.2375,100.8027,0,0,0,0,0,0,1,0,0,0,0
1.354167,100.8157,0,0,0,0,1,0,0,0,0,0,0
1.345833,100.8153,0,0,0,0,0,0,0,1,0,0,0
1.2625,100.812,0,0,0,0,0,0,1,0,0,0,0
1.2875,100.8213,0,0,0,0,0,1,0,0,0,0,0
1.354167,100.8323,0,0,0,0,0,0,0,0,0,1,0
1.279167,100.8293,0,0,0,0,0,1,0,0,0,0,0
1.354167,100.8407,0,0,0,0,0,0,0,0,0,1,0
1.354167,100.849,0,0,0,0,0,0,0,1,0,0,0
1.204167,100.8431,0,0,0,0,0,0,0,1,0,0,0
1.1375,100.8407,0,0,0,0,0,0,0,1,0,0,0
1.6375,100.8787,0,0,0,0,0,0,0,1,0,0,0
1.370833,100.8747,0,0,0,0,0,0,1,0,0,0,0
1.354167,100.874,0,0,0,0,1,0,0,0,0,0,0
1.345833,100.8737,0,0,0,0,0,0,0,0,1,0,0
1.379167,100.8834,0,0,0,0,0,0,0,1,0,0,0
1.370833,100.883,0,0,0,0,0,0,1,0,0,0,0
1.254167,100.8783,0,0,0,0,0,0,0,0,1,0,0
1.345833,100.8903,0,0,0,0,0,0,1,0,0,0,0
1.270833,100.8873,0,0,0,0,0,0,0,0,0,1,0
1.345833,100.8987,0,0,0,0,1,0,0,0,0,0,0
1.270833,100.8957,0,0,0,0,0,0,0,0,0,0,1
1.229167,100.8941,0,0,0,0,0,0,1,0,0,0,0
1.195833,100.8928,0,1,0,0,0,0,0,0,0,0,0
1.670833,100.9221,0,0,0,0,0,0,0,1,0,0,0
1.270833,100.904,0,0,0,0,0,0,0,0,0,0,1
1.2375,100.9027,0,0,0,0,0,0,0,0,1,0,0
1.229167,100.9024,0,0,0,0,0,1,0,0,0,0,0
1.220833,100.9021,0,0,0,1,0,0,0,0,0,0,0
1.2125,100.9018,0,0,0,1,0,0,0,0,0,0,0
1.204167,100.9015,0,0,0,1,0,0,0,0,0,0,0
1.195833,100.9011,0,0,1,0,0,0,0,0,0,0,0
.9958333,100.8944,0,1,0,0,0,0,0,0,0,0,0
1.6625,100.93,0,0,0,0,0,1,0,0,0,0,0
1.345833,100.9153,0,0,0,1,0,0,0,0,0,0,0
1.245833,100.9114,0,0,0,0,0,0,0,1,0,0,0
1.2375,100.911,0,0,0,1,0,0,0,0,0,0,0
1.220833,100.9104,0,1,0,0,0,0,0,0,0,0,0
1.2125,100.9101,0,1,0,0,0,0,0,0,0,0,0
1.204167,100.9098,0,0,1,0,0,0,0,0,0,0,0
1.154167,100.908,0,1,0,0,0,0,0,0,0,0,0
1.6625,100.9383,0,0,0,0,0,0,0,0,0,1,0
1.2375,100.9194,0,0,1,0,0,0,0,0,0,0,0
1.229167,100.9191,0,0,1,0,0,0,0,0,0,0,0
1.2125,100.9184,0,1,0,0,0,0,0,0,0,0,0
1.204167,100.9181,0,0,1,0,0,0,0,0,0,0,0
1.2125,100.9268,0,0,0,1,0,0,0,0,0,0,0
1.204167,100.9265,0,0,0,0,1,0,0,0,0,0,0
1.179167,100.9255,0,0,1,0,0,0,0,0,0,0,0
1.154167,100.9246,0,1,0,0,0,0,0,0,0,0,0
1.2625,100.937,0,0,1,0,0,0,0,0,0,0,0
1.120833,100.9401,0,0,0,0,0,0,0,1,0,0,0
1.279167,100.9543,0,0,0,0,0,1,0,0,0,0,0
1.1625,100.9499,0,0,0,0,0,1,0,0,0,0,0
1.129167,100.9488,0,0,0,0,0,0,0,0,0,0,1
.3458333,100.931,0,0,0,0,0,1,0,0,0,0,0
.5791667,100.9593,0,0,0,1,0,0,0,0,0,0,0
1.1375,100.9824,0,0,0,0,0,1,0,0,0,0,0
1.1125,100.9815,0,0,1,0,0,0,0,0,0,0,0
1.095833,100.981,0,1,0,0,0,0,0,0,0,0,0
.0875,100.9626,0,0,1,0,0,0,0,0,0,0,0
1.170833,100.9919,0,1,0,0,0,0,0,0,0,0,0
1.1625,100.9916,0,0,0,0,0,0,0,1,0,0,0
1.154167,100.9913,0,0,0,0,0,0,1,0,0,0,0
1.104167,100.9896,0,0,0,0,0,0,0,0,1,0,0
1.520833,101.0147,0,0,0,1,0,0,0,0,0,0,0
1.1375,100.9991,0,0,0,0,0,1,0,0,0,0,0
.0208333,100.9875,0,0,0,0,0,0,0,0,0,1,0
.0125,100.9875,0,0,0,1,0,0,0,0,0,0,0
1.329167,101.023,0,0,0,0,0,0,1,0,0,0,0
1.5125,101.0394,0,0,0,0,0,0,0,0,1,0,0
1.1875,101.0259,0,0,0,0,0,0,0,0,0,1,0
1.520833,101.0481,0,0,0,0,0,0,0,0,0,1,0
1.504167,101.0473,0,1,0,0,0,0,0,0,0,0,0
1.179167,101.0422,0,0,0,0,0,1,0,0,0,0,0
1.129167,101.0405,0,0,0,0,0,1,0,0,0,0,0
1.245833,101.0531,0,0,0,0,0,0,0,0,1,0,0
1.129167,101.0571,0,0,1,0,0,0,0,0,0,0,0
1.120833,101.0568,0,0,1,0,0,0,0,0,0,0,0
1.129167,101.0655,0,0,0,0,0,0,0,0,1,0,0
1.0125,101.0699,0,0,0,0,0,0,0,0,1,0,0
1.470833,101.1125,0,0,1,0,0,0,0,0,0,0,0
1.5375,101.1239,0,0,0,0,0,0,0,0,1,0,0
1.6375,101.1455,0,0,0,0,1,0,0,0,0,0,0
1.6625,101.1551,0,0,0,0,0,1,0,0,0,0,0
1.6375,101.2205,0,0,0,0,1,0,0,0,0,0,0
1.6375,101.2288,0,0,0,0,0,1,0,0,0,0,0
1.645833,101.2626,0,0,0,0,0,0,0,0,1,0,0
1.6375,101.2622,0,0,0,0,0,1,0,0,0,0,0
1.629167,101.2618,0,0,0,0,0,1,0,0,0,0,0
1.620833,101.2613,0,1,0,0,0,0,0,0,0,0,0
1.645833,101.2876,0,0,0,0,0,0,0,1,0,0,0
1.6375,101.2872,0,0,0,0,1,0,0,0,0,0,0
1.6625,101.2968,0,0,0,0,0,0,0,1,0,0,0
1.645833,101.296,0,1,0,0,0,0,0,0,0,0,0
.1208333,101.3127,0,0,0,0,0,0,0,0,0,0,1
.0625,101.3792,0,0,0,0,0,0,0,0,0,0,1
1.395833,101.4176,0,1,0,0,0,0,0,0,0,0,0
.1625,101.3879,0,1,0,0,0,0,0,0,0,0,0
1.3625,101.4328,0,0,0,0,0,0,1,0,0,0,0
.1791667,101.413,0,1,0,0,0,0,0,0,0,0,0
1.370833,101.5082,0,0,0,0,0,1,0,0,0,0,0
1.320833,101.5061,0,0,0,0,0,0,0,1,0,0,0
.8625,101.499,0,0,0,0,0,1,0,0,0,0,0
.1958333,101.4881,0,0,0,0,0,0,0,0,1,0,0
1.2125,101.5186,0,0,0,0,0,0,0,1,0,0,0
.8625,101.5073,0,0,0,0,0,1,0,0,0,0,0
1.2375,101.5278,0,1,0,0,0,0,0,0,0,0,0
.8791667,101.5161,0,0,0,0,0,0,1,0,0,0,0
1.3375,101.5402,0,0,0,0,0,1,0,0,0,0,0
1.329167,101.5398,0,0,0,0,0,0,0,0,0,0,1
1.0125,101.5367,0,0,0,0,0,1,0,0,0,0,0
1.154167,101.5498,0,0,0,0,0,0,1,0,0,0,0
1.320833,101.5728,0,0,1,0,0,0,0,0,0,0,0
1.3125,101.5725,0,0,0,0,0,0,0,0,1,0,0
1.304167,101.5721,0,0,0,0,0,1,0,0,0,0,0
1.3125,101.5808,0,0,1,0,0,0,0,0,0,0,0
1.304167,101.5805,0,0,0,0,0,0,0,1,0,0,0
1.295833,101.5801,0,0,0,0,0,0,0,0,0,1,0
1.3125,101.5892,0,0,0,0,0,0,0,0,1,0,0
.8125,101.581,0,0,0,1,0,0,0,0,0,0,0
.8125,101.5894,0,1,0,0,0,0,0,0,0,0,0
.8125,101.5977,0,1,0,0,0,0,0,0,0,0,0
1.3375,101.6319,0,0,0,0,0,0,0,0,1,0,0
1.345833,101.6405,0,0,0,0,0,0,0,1,0,0,0
1.120833,101.6319,0,0,0,0,0,0,1,0,0,0,0
.0458333,101.6125,0,0,1,0,0,0,0,0,0,0,0
1.129167,101.6489,0,0,0,0,0,0,0,0,0,0,1
.0125,101.6292,0,0,0,0,0,0,0,1,0,0,0
1.104167,101.6564,0,1,0,0,0,0,0,0,0,0,0
1.070833,101.6553,0,1,0,0,0,0,0,0,0,0,0
.0125,101.6458,0,0,0,0,0,0,0,0,1,0,0
.7041667,101.6702,0,0,0,1,0,0,0,0,0,0,0
.6958333,101.67,0,0,0,0,0,0,0,1,0,0,0
.8791667,101.7411,0,0,0,0,0,1,0,0,0,0,0
.8958333,101.7499,0,0,0,0,1,0,0,0,0,0,0
.0041667,101.7375,0,0,0,0,1,0,0,0,0,0,0
1.020833,101.762,0,0,0,1,0,0,0,0,0,0,0
.0208333,101.7708,0,0,0,0,0,1,0,0,0,0,0
.0208333,101.7792,0,0,0,0,0,0,1,0,0,0,0
.2708333,101.797,0,0,0,0,1,0,0,0,0,0,0
.9458333,101.818,0,0,0,0,0,0,0,1,0,0,0
1.554167,101.85,0,0,1,0,0,0,0,0,0,0,0
.9208333,101.8423,0,0,1,0,0,0,0,0,0,0,0
.9125,101.8421,0,0,1,0,0,0,0,0,0,0,0
.8625,101.8407,0,0,0,0,0,0,0,0,1,0,0
.9291667,101.8509,0,1,0,0,0,0,0,0,0,0,0
.9458333,101.8597,0,0,0,0,0,0,0,0,0,0,1
.9375,101.8595,0,0,0,0,0,0,0,0,0,0,1
.9291667,101.8592,0,1,0,0,0,0,0,0,0,0,0
.9458333,101.868,0,0,0,0,0,1,0,0,0,0,0
.9375,101.8678,0,0,1,0,0,0,0,0,0,0,0
.8791667,101.8662,0,0,0,0,0,0,0,0,1,0,0
.8708333,101.8659,0,0,0,0,0,0,0,1,0,0,0
.9458333,101.8764,0,0,0,0,0,1,0,0,0,0,0
.8708333,101.8743,0,0,0,0,0,0,0,0,1,0,0
.8541667,101.8738,0,0,0,0,1,0,0,0,0,0,0
.3291667,101.8642,0,0,0,1,0,0,0,0,0,0,0
.1458333,101.8628,0,0,1,0,0,0,0,0,0,0,0
.9458333,101.8847,0,0,0,1,0,0,0,0,0,0,0
.9041666,101.8835,0,0,0,0,1,0,0,0,0,0,0
.8958333,101.8833,0,0,0,0,0,0,0,0,1,0,0
.8708333,101.8826,0,0,0,0,0,0,0,0,0,1,0
.8625,101.8824,0,0,0,0,0,0,0,0,1,0,0
.8541667,101.8822,0,0,0,0,0,0,0,0,0,1,0
.2375,101.8717,0,0,0,0,0,1,0,0,0,0,0
.2291667,101.8717,0,0,0,0,0,0,0,0,0,1,0
.1541667,101.8712,0,1,0,0,0,0,0,0,0,0,0
.9875,101.8943,0,0,0,0,0,0,1,0,0,0,0
.9625,101.8935,0,0,0,0,0,0,0,0,1,0,0
.9541667,101.8933,0,0,0,0,0,0,1,0,0,0,0
.9458333,101.8931,0,1,0,0,0,0,0,0,0,0,0
.9041666,101.8919,0,0,0,0,0,1,0,0,0,0,0
.9541667,101.9016,0,0,0,1,0,0,0,0,0,0,0
.9041666,101.9002,0,0,0,0,1,0,0,0,0,0,0
.9875,101.911,0,0,0,1,0,0,0,0,0,0,0
.9541667,101.91,0,0,0,0,1,0,0,0,0,0,0
.9291667,101.9092,0,1,0,0,0,0,0,0,0,0,0
.9041666,101.9085,0,0,0,0,0,1,0,0,0,0,0
.9875,101.9193,0,0,1,0,0,0,0,0,0,0,0
.9625,101.9185,0,0,0,0,1,0,0,0,0,0,0
.9541667,101.9183,0,0,1,0,0,0,0,0,0,0,0
.9458333,101.9181,0,0,1,0,0,0,0,0,0,0,0
.9291667,101.9176,0,0,1,0,0,0,0,0,0,0,0
.9125,101.9171,0,1,0,0,0,0,0,0,0,0,0
.9041666,101.9169,0,0,0,0,0,0,0,0,0,1,0
.9958333,101.9279,0,0,1,0,0,0,0,0,0,0,0
.9875,101.9276,0,1,0,0,0,0,0,0,0,0,0
.9791667,101.9274,0,0,1,0,0,0,0,0,0,0,0
.9708334,101.9271,0,0,0,1,0,0,0,0,0,0,0
.9625,101.9269,0,0,0,0,1,0,0,0,0,0,0
.9541667,101.9266,0,0,1,0,0,0,0,0,0,0,0
.9458333,101.9264,0,0,1,0,0,0,0,0,0,0,0
.9375,101.9261,0,0,1,0,0,0,0,0,0,0,0
.9291667,101.9259,0,1,0,0,0,0,0,0,0,0,0
.9208333,101.9257,0,0,0,1,0,0,0,0,0,0,0
.9041666,101.9252,0,0,0,0,0,0,0,0,0,1,0
.4291667,101.9154,0,0,1,0,0,0,0,0,0,0,0
.9958333,101.9362,0,0,1,0,0,0,0,0,0,0,0
.9875,101.936,0,0,1,0,0,0,0,0,0,0,0
.9791667,101.9357,0,0,0,0,0,1,0,0,0,0,0
.9625,101.9352,0,0,0,0,0,1,0,0,0,0,0
.9541667,101.935,0,0,1,0,0,0,0,0,0,0,0
.9458333,101.9347,0,0,0,1,0,0,0,0,0,0,0
.9375,101.9345,0,0,0,0,1,0,0,0,0,0,0
.9291667,101.9342,0,0,0,0,0,0,1,0,0,0,0
.9041666,101.9335,0,0,0,0,0,0,0,1,0,0,0
.7708333,101.9301,0,0,0,0,0,0,1,0,0,0,0
.9958333,101.9446,0,0,0,1,0,0,0,0,0,0,0
.9875,101.9443,0,0,0,0,0,0,0,1,0,0,0
.9791667,101.9441,0,0,0,0,0,0,0,0,0,0,1
.9625,101.9436,0,0,0,0,0,0,0,0,0,1,0
.9541667,101.9433,0,0,0,0,0,1,0,0,0,0,0
.9458333,101.9431,0,0,0,1,0,0,0,0,0,0,0
.9375,101.9428,0,0,0,0,0,1,0,0,0,0,0
.0958333,101.9293,0,0,0,0,0,1,0,0,0,0,0
.9875,101.9526,0,0,0,0,0,0,1,0,0,0,0
.9791667,101.9524,0,0,0,0,0,0,0,0,1,0,0
.9541667,101.9516,0,0,0,0,0,1,0,0,0,0,0
.9375,101.9511,0,0,0,1,0,0,0,0,0,0,0
.9375,101.9595,0,0,0,0,0,1,0,0,0,0,0
.9125,101.9588,0,1,0,0,0,0,0,0,0,0,0
.2125,101.9465,0,0,0,0,0,0,1,0,0,0,0
1.145833,101.9746,0,0,0,0,0,0,0,0,1,0,0
1.120833,101.9737,0,0,0,0,0,0,1,0,0,0,0
.7625,101.9632,0,0,0,0,0,0,0,0,1,0,0
.8708333,101.9743,0,0,0,0,0,0,1,0,0,0,0
1.3875,102.0091,0,0,0,0,0,1,0,0,0,0,0
1.379167,102.0087,0,0,0,0,1,0,0,0,0,0,0
1.1625,102.0002,0,0,1,0,0,0,0,0,0,0,0
1.3875,102.0174,0,0,0,0,0,1,0,0,0,0,0
1.379167,102.0171,0,0,0,0,1,0,0,0,0,0,0
1.379167,102.0254,0,0,0,0,0,1,0,0,0,0,0
1.370833,102.025,0,0,0,1,0,0,0,0,0,0,0
1.379167,102.0337,0,0,0,0,0,0,0,1,0,0,0
1.370833,102.0334,0,0,0,0,1,0,0,0,0,0,0
1.3625,102.033,0,0,0,1,0,0,0,0,0,0,0
1.354167,102.0327,0,0,1,0,0,0,0,0,0,0,0
1.329167,102.0316,0,0,0,0,0,0,0,0,0,0,1
1.045833,102.0212,0,1,0,0,0,0,0,0,0,0,0
1.379167,102.0421,0,0,0,0,0,0,0,0,0,0,1
1.370833,102.0417,0,0,1,0,0,0,0,0,0,0,0
1.295833,102.0469,0,0,0,0,1,0,0,0,0,0,0
1.3375,102.0653,0,0,0,1,0,0,0,0,0,0,0
1.370833,102.0751,0,0,0,0,0,0,0,1,0,0,0
1.3625,102.0747,0,0,0,0,0,0,0,1,0,0,0
1.354167,102.0743,0,0,0,0,0,0,1,0,0,0,0
1.345833,102.074,0,0,0,0,0,1,0,0,0,0,0
1.3375,102.0736,0,0,0,0,0,1,0,0,0,0,0
.3208333,102.1724,0,0,0,0,0,1,0,0,0,0,0
.3125,102.1724,0,0,0,0,0,0,0,1,0,0,0
.3125,102.1974,0,0,0,0,0,0,0,1,0,0,0
.2958333,102.1972,0,0,0,0,0,0,1,0,0,0,0
.1958333,102.2464,0,0,0,0,0,1,0,0,0,0,0
.1125,102.271,0,0,0,0,1,0,0,0,0,0,0
.2958333,102.4472,0,0,0,0,0,0,0,0,1,0,0
.3041667,102.4889,0,0,0,0,0,0,0,0,0,0,1
.2875,102.4888,0,0,0,0,0,0,0,0,1,0,0
.2791667,102.4887,0,0,0,0,0,0,0,0,1,0,0
.3041667,102.4973,0,0,0,0,0,0,0,0,0,1,0
.2875,102.5138,0,0,0,0,0,0,0,1,0,0,0
.2291667,102.5383,0,0,0,0,0,0,0,0,0,0,1
.2291667,102.5467,0,0,0,0,0,0,0,0,0,1,0
.2208333,102.5466,0,0,0,0,0,0,0,1,0,0,0
.2458333,102.5551,0,0,0,0,0,0,0,0,0,0,1
.2208333,102.5549,0,0,0,0,0,0,0,0,1,0,0
.2375,102.5634,0,0,0,0,0,0,0,0,0,0,1
.2208333,102.5633,0,0,0,0,0,0,0,0,0,1,0
.2125,102.5632,0,0,0,0,0,0,0,0,0,0,1
.1125,102.721,0,0,0,0,0,0,0,0,0,0,1
.1125,102.7377,0,0,0,0,0,0,0,1,0,0,0
.1041667,102.7377,0,0,0,0,0,0,0,0,0,0,1
.1041667,102.746,0,0,0,0,0,0,0,0,0,0,1
.0958333,102.746,0,0,0,0,0,0,0,0,0,1,0
.0875,102.746,0,0,0,0,0,0,0,0,0,1,0
.1125,102.7544,0,0,0,0,0,0,0,0,0,1,0
.1041667,102.7543,0,0,0,0,0,0,0,0,0,1,0
.0958333,102.7543,0,0,0,0,0,0,0,0,1,0,0
.0875,102.7543,0,0,0,0,0,0,0,0,0,0,1
.1125,102.7627,0,0,0,0,0,0,0,0,1,0,0
.1041667,102.7627,0,0,0,0,0,0,0,0,1,0,0
.0958333,102.7626,0,0,0,0,0,1,0,0,0,0,0
.0791667,102.7626,0,0,0,0,0,0,0,0,0,0,1
.0708333,102.7626,0,0,0,0,1,0,0,0,0,0,0
.1041667,102.771,0,0,0,0,0,0,0,1,0,0,0
.0875,102.771,0,0,1,0,0,0,0,0,0,0,0
.0791667,102.7709,0,1,0,0,0,0,0,0,0,0,0
.0708333,102.7709,0,0,1,0,0,0,0,0,0,0,0
.0625,102.7709,0,0,0,0,1,0,0,0,0,0,0
.1125,102.7794,0,1,0,0,0,0,0,0,0,0,0
.1041667,102.7793,0,0,0,0,0,1,0,0,0,0,0
.0958333,102.7793,0,0,0,0,1,0,0,0,0,0,0
.0875,102.7793,0,0,1,0,0,0,0,0,0,0,0
.0791667,102.7793,0,1,0,0,0,0,0,0,0,0,0
.0625,102.7792,0,0,0,1,0,0,0,0,0,0,0
.1041667,102.7877,0,0,1,0,0,0,0,0,0,0,0
.0958333,102.7876,0,1,0,0,0,0,0,0,0,0,0
.0625,102.7876,0,1,0,0,0,0,0,0,0,0,0
.0708333,102.7959,0,0,0,0,1,0,0,0,0,0,0
.6208333,102.8185,0,0,0,0,0,0,0,1,0,0,0
.0791667,102.8126,0,1,0,0,0,0,0,0,0,0,0
.6208333,102.8269,0,0,0,0,0,1,0,0,0,0,0
.6208333,102.8352,0,0,0,1,0,0,0,0,0,0,0
.6208333,102.8519,0,0,0,1,0,0,0,0,0,0,0
.6125,102.8517,0,0,0,0,0,0,1,0,0,0,0
.6291667,102.8604,0,1,0,0,0,0,0,0,0,0,0
.6458333,102.869,0,0,1,0,0,0,0,0,0,0,0
.6375,102.8689,0,0,0,0,0,0,1,0,0,0,0
.6125,102.8684,0,0,1,0,0,0,0,0,0,0,0
.6291667,102.877,0,1,0,0,0,0,0,0,0,0,0
.3541667,102.8728,0,0,0,0,0,0,0,0,1,0,0
.5875,102.8846,0,0,0,0,0,1,0,0,0,0,0
.5791667,102.8844,0,0,0,0,0,0,0,1,0,0,0
.5708333,102.8843,0,0,0,0,0,0,0,0,1,0,0
.5625,102.8841,0,0,0,0,0,0,0,0,0,0,1
.6041667,102.8932,0,1,0,0,0,0,0,0,0,0,0
.5958334,102.8931,0,0,0,0,1,0,0,0,0,0,0
.6041667,102.9016,0,0,0,0,0,0,0,0,0,0,1
.5958334,102.9014,0,0,0,1,0,0,0,0,0,0,0
.5791667,102.9678,0,0,0,0,0,1,0,0,0,0,0
.5375,102.9754,0,0,0,0,1,0,0,0,0,0,0
.1375,102.9878,0,0,0,0,1,0,0,0,0,0,0
.1291667,102.9878,0,0,0,1,0,0,0,0,0,0,0
.0458333,103.0292,0,0,0,0,0,0,0,0,0,1,0
.0458333,103.0375,0,0,0,0,0,0,0,0,1,0,0
.0291667,103.0375,0,0,0,0,0,0,0,0,0,1,0
.0458333,103.0459,0,0,0,0,0,0,0,0,0,0,1
.0291667,103.0625,0,0,0,0,0,0,0,0,0,1,0
-.8041667,100.8808,0,0,0,0,0,0,0,0,1,0,0
-.8125,100.8976,0,0,0,0,0,0,0,0,1,0,0
-.7708333,100.9966,0,0,0,1,0,0,0,0,0,0,0
-.0541667,101.1042,0,0,0,0,0,0,0,0,1,0,0
-.0625,101.1042,0,1,0,0,0,0,0,0,0,0,0
-.0708333,101.1042,0,1,0,0,0,0,0,0,0,0,0
-.1208333,101.1044,0,0,0,0,0,0,1,0,0,0,0
-.1125,101.1127,0,0,0,0,0,0,0,0,1,0,0
-.1208333,101.1127,0,0,0,0,1,0,0,0,0,0,0
-.1291667,101.1128,0,0,0,0,1,0,0,0,0,0,0
-.1208333,101.1211,0,0,1,0,0,0,0,0,0,0,0
-.1291667,101.1211,0,0,0,1,0,0,0,0,0,0,0
-.1291667,101.1294,0,0,0,0,0,0,0,0,1,0,0
-.1458333,101.1295,0,0,0,0,0,0,0,0,0,1,0
-.1541667,101.1295,0,0,0,1,0,0,0,0,0,0,0
-.2375,101.2884,0,1,0,0,0,0,0,0,0,0,0
-.2375,101.2967,0,0,0,0,1,0,0,0,0,0,0
-.2625,101.2969,0,0,0,0,0,0,0,0,0,0,1
-.2291667,101.305,0,0,0,0,1,0,0,0,0,0,0
-.2625,101.3052,0,0,0,0,0,0,0,0,1,0,0
-.3625,101.3145,0,0,0,0,0,0,0,1,0,0,0
-.3625,101.3229,0,0,0,0,0,0,0,0,1,0,0
-.5458333,101.3254,0,0,1,0,0,0,0,0,0,0,0
-.3625,101.3312,0,0,0,0,0,0,0,0,1,0,0
-.6125,101.3516,0,0,0,0,0,0,0,0,1,0,0
-.2875,101.3554,0,1,0,0,0,0,0,0,0,0,0
-.0208333,101.5542,0,0,0,0,1,0,0,0,0,0,0
-.1791667,101.5547,0,0,0,0,0,0,0,0,0,0,1
-.8041667,101.5808,0,0,0,1,0,0,0,0,0,0,0
-.1791667,101.588,0,0,1,0,0,0,0,0,0,0,0
-.1875,101.588,0,0,0,0,0,1,0,0,0,0,0
-.1625,101.5962,0,0,0,0,0,0,1,0,0,0,0
-.1791667,101.6047,0,0,0,0,0,0,1,0,0,0,0
-.2041667,101.6131,0,1,0,0,0,0,0,0,0,0,0
-.1625,101.6379,0,0,0,0,0,0,0,0,0,0,1
-.0375,101.6459,0,0,0,0,0,0,0,1,0,0,0
-.0791667,101.6459,0,0,0,0,0,0,0,0,1,0,0
-.0458333,101.6542,0,0,1,0,0,0,0,0,0,0,0
-.0791667,101.6543,0,0,0,0,0,0,1,0,0,0,0
-.0875,101.6543,0,0,0,0,0,0,0,0,0,1,0
-.1541667,101.6545,0,0,0,0,0,0,1,0,0,0,0
-.0375,101.6709,0,0,0,0,0,0,1,0,0,0,0
-.0375,101.6792,0,0,0,0,0,0,0,1,0,0,0
-.0458333,101.6792,0,0,0,0,0,0,0,1,0,0,0
-.2041667,101.6798,0,0,1,0,0,0,0,0,0,0,0
-.0041667,101.6875,0,0,0,0,0,0,0,1,0,0,0
-.0458333,101.6875,0,0,0,0,0,0,0,0,0,0,1
-.1541667,101.7212,0,0,0,0,0,1,0,0,0,0,0
-.2375,101.7217,0,0,0,0,1,0,0,0,0,0,0
-.2458333,101.7301,0,0,0,0,0,0,1,0,0,0,0
-.1541667,101.7379,0,0,1,0,0,0,0,0,0,0,0
-.1625,101.7462,0,0,0,0,0,1,0,0,0,0,0
-.6875,101.7615,0,0,0,0,0,0,0,1,0,0,0
-.1958333,101.7631,0,0,0,0,0,0,0,1,0,0,0
-.1541667,101.7879,0,0,0,0,0,0,1,0,0,0,0
-.1541667,101.8129,0,0,0,1,0,0,0,0,0,0,0
-.2041667,101.8131,0,0,0,0,0,0,0,0,1,0,0
-.2041667,101.8215,0,0,0,0,0,0,1,0,0,0,0
-.2541667,101.8468,0,0,0,0,0,0,0,0,1,0,0
-.2625,101.8469,0,0,0,0,0,0,0,0,1,0,0
-.7625,101.8549,0,0,0,0,1,0,0,0,0,0,0
-.7708333,101.855,0,0,0,0,1,0,0,0,0,0,0
-.7791666,101.8553,0,0,0,0,0,0,0,0,0,0,1
-.7625,101.8632,0,1,0,0,0,0,0,0,0,0,0
-.7708333,101.8634,0,0,0,0,0,1,0,0,0,0,0
-.7958333,101.864,0,0,0,0,0,0,0,0,0,1,0
-.7791666,101.8803,0,0,0,0,0,1,0,0,0,0,0
-.7875,101.8805,0,0,1,0,0,0,0,0,0,0,0
-.7958333,101.8807,0,0,1,0,0,0,0,0,0,0,0
-.8125,101.9478,0,0,0,1,0,0,0,0,0,0,0
-.6041667,101.9598,0,0,0,1,0,0,0,0,0,0,0
-.6041667,101.9765,0,0,1,0,0,0,0,0,0,0,0
-.1291667,102.0128,0,0,0,0,0,0,0,0,1,0,0
-.1375,102.0128,0,0,0,0,0,1,0,0,0,0,0
-.8041667,102.0726,0,0,0,0,0,1,0,0,0,0,0
-.8125,102.0894,0,1,0,0,0,0,0,0,0,0,0
-.3208333,102.1474,0,0,0,0,0,0,0,1,0,0,0
-.6625,102.161,0,1,0,0,0,0,0,0,0,0,0
-.6708333,102.1695,0,0,1,0,0,0,0,0,0,0,0
-.3375,102.2726,0,0,0,0,0,0,0,0,1,0,0
-.1875,102.363,0,0,0,0,0,0,0,0,1,0,0
-.1958333,102.3714,0,0,0,0,0,0,0,0,1,0,0
-.2041667,102.3715,0,0,1,0,0,0,0,0,0,0,0
-.2041667,102.3798,0,0,1,0,0,0,0,0,0,0,0
-.2125,102.3799,0,0,1,0,0,0,0,0,0,0,0
-.1958333,102.3881,0,0,0,0,1,0,0,0,0,0,0
-.1791667,102.4047,0,0,0,0,0,0,0,0,1,0,0
-.2208333,102.4049,0,0,0,0,0,1,0,0,0,0,0
-.2125,102.4132,0,0,0,0,0,0,0,0,0,1,0
-.2208333,102.4133,0,0,0,0,0,0,0,1,0,0,0
-.7125,102.4454,0,0,0,0,0,1,0,0,0,0,0
-.7291667,102.4458,0,0,0,0,0,1,0,0,0,0,0
-.7125,102.4538,0,0,0,0,0,0,0,0,0,0,1
-.5958334,102.6264,0,1,0,0,0,0,0,0,0,0,0
-.6041667,102.6265,0,0,0,0,0,0,0,1,0,0,0
-.5958334,102.6347,0,0,0,0,0,0,1,0,0,0,0
-.5875,102.6512,0,0,0,0,0,0,0,1,0,0,0
-.3791667,102.6898,0,0,0,0,1,0,0,0,0,0,0
-.3708333,102.698,0,0,0,0,0,0,1,0,0,0,0
-.3791667,102.6981,0,1,0,0,0,0,0,0,0,0,0
-.3958333,102.6983,0,0,0,0,1,0,0,0,0,0,0
-.6041667,102.7015,0,0,0,0,0,0,1,0,0,0,0
-.3291667,102.7059,0,0,1,0,0,0,0,0,0,0,0
-.3375,102.7059,0,1,0,0,0,0,0,0,0,0,0
-.3458333,102.706,0,0,1,0,0,0,0,0,0,0,0
-.3708333,102.7063,0,0,0,0,1,0,0,0,0,0,0
-.3791667,102.7064,0,0,1,0,0,0,0,0,0,0,0
-.3708333,102.7147,0,1,0,0,0,0,0,0,0,0,0
-.7875,102.7222,0,0,0,0,0,0,0,1,0,0,0
-.3291667,102.7225,0,1,0,0,0,0,0,0,0,0,0
-.3791667,102.7231,0,0,1,0,0,0,0,0,0,0,0
-.7291667,102.7291,0,1,0,0,0,0,0,0,0,0,0
-.7458333,102.7545,0,0,1,0,0,0,0,0,0,0,0
-.7458333,102.7629,0,0,0,0,0,0,0,0,1,0,0
-.7708333,102.7635,0,0,0,0,0,0,1,0,0,0,0
-.3625,102.7979,0,0,0,1,0,0,0,0,0,0,0
-.3875,102.8065,0,1,0,0,0,0,0,0,0,0,0
-.3791667,102.8148,0,0,0,0,0,0,1,0,0,0,0
-.3708333,102.823,0,0,0,0,0,0,1,0,0,0,0
-.3708333,102.8313,0,0,0,0,0,0,1,0,0,0,0
-.3791667,102.8314,0,0,0,0,0,0,0,0,1,0,0
-.1458333,102.8378,0,0,0,0,0,0,1,0,0,0,0
-.3458333,102.8394,0,0,0,0,0,1,0,0,0,0,0
-.3541667,102.8395,0,0,0,0,0,0,1,0,0,0,0
-.3625,102.8396,0,0,0,0,0,1,0,0,0,0,0
-.1458333,102.8462,0,0,1,0,0,0,0,0,0,0,0
-.1541667,102.8462,0,1,0,0,0,0,0,0,0,0,0
-.3541667,102.8478,0,0,0,0,0,0,0,1,0,0,0
-.1625,102.8546,0,0,0,0,0,0,0,0,0,0,1
-.1708333,102.863,0,0,0,0,0,0,0,0,0,1,0
-.2291667,102.8633,0,1,0,0,0,0,0,0,0,0,0
-.3625,102.8729,0,0,0,0,0,0,0,1,0,0,0
-.3708333,102.873,0,0,0,0,0,0,0,1,0,0,0
-.2708333,103.0053,0,0,0,0,0,0,0,0,0,0,1
